-- phpMyAdmin SQL Dump
-- version 5.2.1
-- https://www.phpmyadmin.net/
--
-- Servidor: localhost
-- Tiempo de generación: 09-09-2023 a las 21:23:16
-- Versión del servidor: 10.4.28-MariaDB
-- Versión de PHP: 8.2.4

SET SQL_MODE = "NO_AUTO_VALUE_ON_ZERO";
START TRANSACTION;
SET time_zone = "+00:00";


/*!40101 SET @OLD_CHARACTER_SET_CLIENT=@@CHARACTER_SET_CLIENT */;
/*!40101 SET @OLD_CHARACTER_SET_RESULTS=@@CHARACTER_SET_RESULTS */;
/*!40101 SET @OLD_COLLATION_CONNECTION=@@COLLATION_CONNECTION */;
/*!40101 SET NAMES utf8mb4 */;

--
-- Base de datos: `GESTIONACADEMICA`
--

-- --------------------------------------------------------

--
-- Estructura de tabla para la tabla `CALIFICACIONES`
--

CREATE TABLE `CALIFICACIONES` (
  `cal_id` int(5) NOT NULL,
  `estudiante_id` int(5) DEFAULT NULL,
  `grupo_id` int(5) DEFAULT NULL,
  `cal_nota1` decimal(2,1) DEFAULT NULL,
  `cal_nota1_tipo` varchar(10) DEFAULT NULL COMMENT 'normal, supletorio',
  `cal_nota2` decimal(2,1) DEFAULT NULL,
  `cal_nota2_tipo` varchar(10) DEFAULT NULL COMMENT 'normal. supletorio',
  `cal_nota3` decimal(2,1) DEFAULT NULL,
  `cal_nota3_tipo` varchar(10) DEFAULT NULL COMMENT 'normal, supletorio\r\nnormal, supletorio',
  `cal_nota4` decimal(2,1) DEFAULT NULL,
  `cal_nota4_tipo` varchar(10) DEFAULT NULL COMMENT 'normal, supletorio',
  `cal_notadef` decimal(2,1) DEFAULT NULL,
  `cal_notadef_tipo` varchar(10) DEFAULT NULL COMMENT 'normal, supletorio',
  `cal_nota_habilitacion` decimal(2,1) DEFAULT NULL
) ENGINE=InnoDB DEFAULT CHARSET=utf8mb4 COLLATE=utf8mb4_general_ci;

--
-- Volcado de datos para la tabla `CALIFICACIONES`
--

INSERT INTO `CALIFICACIONES` (`cal_id`, `estudiante_id`, `grupo_id`, `cal_nota1`, `cal_nota1_tipo`, `cal_nota2`, `cal_nota2_tipo`, `cal_nota3`, `cal_nota3_tipo`, `cal_nota4`, `cal_nota4_tipo`, `cal_notadef`, `cal_notadef_tipo`, `cal_nota_habilitacion`) VALUES
(1, 1, 28, NULL, NULL, NULL, NULL, NULL, NULL, NULL, NULL, NULL, NULL, NULL),
(2, 2, 28, NULL, NULL, NULL, NULL, NULL, NULL, NULL, NULL, NULL, NULL, NULL),
(3, 3, 28, NULL, NULL, NULL, NULL, NULL, NULL, NULL, NULL, NULL, NULL, NULL),
(4, 4, 28, NULL, NULL, NULL, NULL, NULL, NULL, NULL, NULL, NULL, NULL, NULL),
(5, 5, 28, NULL, NULL, NULL, NULL, NULL, NULL, NULL, NULL, NULL, NULL, NULL),
(6, 6, 28, NULL, NULL, NULL, NULL, NULL, NULL, NULL, NULL, NULL, NULL, NULL),
(7, 7, 28, NULL, NULL, NULL, NULL, NULL, NULL, NULL, NULL, NULL, NULL, NULL),
(8, 8, 28, NULL, NULL, NULL, NULL, NULL, NULL, NULL, NULL, NULL, NULL, NULL),
(9, 9, 28, NULL, NULL, NULL, NULL, NULL, NULL, NULL, NULL, NULL, NULL, NULL),
(10, 1, 25, NULL, NULL, NULL, NULL, NULL, NULL, NULL, NULL, NULL, NULL, NULL),
(11, 2, 25, NULL, NULL, NULL, NULL, NULL, NULL, NULL, NULL, NULL, NULL, NULL),
(12, 3, 25, NULL, NULL, NULL, NULL, NULL, NULL, NULL, NULL, NULL, NULL, NULL),
(13, 4, 25, NULL, NULL, NULL, NULL, NULL, NULL, NULL, NULL, NULL, NULL, NULL),
(14, 5, 25, NULL, NULL, NULL, NULL, NULL, NULL, NULL, NULL, NULL, NULL, NULL),
(15, 6, 25, NULL, NULL, NULL, NULL, NULL, NULL, NULL, NULL, NULL, NULL, NULL),
(16, 7, 25, NULL, NULL, NULL, NULL, NULL, NULL, NULL, NULL, NULL, NULL, NULL),
(17, 8, 25, NULL, NULL, NULL, NULL, NULL, NULL, NULL, NULL, NULL, NULL, NULL),
(18, 9, 25, NULL, NULL, NULL, NULL, NULL, NULL, NULL, NULL, NULL, NULL, NULL),
(19, 1, 29, NULL, NULL, NULL, NULL, NULL, NULL, NULL, NULL, NULL, NULL, NULL),
(20, 2, 29, NULL, NULL, NULL, NULL, NULL, NULL, NULL, NULL, NULL, NULL, NULL),
(21, 3, 29, NULL, NULL, NULL, NULL, NULL, NULL, NULL, NULL, NULL, NULL, NULL),
(22, 4, 29, NULL, NULL, NULL, NULL, NULL, NULL, NULL, NULL, NULL, NULL, NULL),
(23, 5, 29, NULL, NULL, NULL, NULL, NULL, NULL, NULL, NULL, NULL, NULL, NULL),
(24, 6, 29, NULL, NULL, NULL, NULL, NULL, NULL, NULL, NULL, NULL, NULL, NULL),
(25, 7, 29, NULL, NULL, NULL, NULL, NULL, NULL, NULL, NULL, NULL, NULL, NULL),
(26, 8, 29, NULL, NULL, NULL, NULL, NULL, NULL, NULL, NULL, NULL, NULL, NULL),
(27, 9, 29, NULL, NULL, NULL, NULL, NULL, NULL, NULL, NULL, NULL, NULL, NULL),
(28, 1, 26, NULL, NULL, NULL, NULL, NULL, NULL, NULL, NULL, NULL, NULL, NULL),
(29, 2, 26, NULL, NULL, NULL, NULL, NULL, NULL, NULL, NULL, NULL, NULL, NULL),
(30, 3, 26, NULL, NULL, NULL, NULL, NULL, NULL, NULL, NULL, NULL, NULL, NULL),
(31, 4, 26, NULL, NULL, NULL, NULL, NULL, NULL, NULL, NULL, NULL, NULL, NULL),
(32, 5, 26, NULL, NULL, NULL, NULL, NULL, NULL, NULL, NULL, NULL, NULL, NULL),
(33, 6, 26, NULL, NULL, NULL, NULL, NULL, NULL, NULL, NULL, NULL, NULL, NULL),
(34, 7, 26, NULL, NULL, NULL, NULL, NULL, NULL, NULL, NULL, NULL, NULL, NULL),
(35, 8, 26, NULL, NULL, NULL, NULL, NULL, NULL, NULL, NULL, NULL, NULL, NULL),
(36, 9, 26, NULL, NULL, NULL, NULL, NULL, NULL, NULL, NULL, NULL, NULL, NULL),
(37, 1, 30, NULL, NULL, NULL, NULL, NULL, NULL, NULL, NULL, NULL, NULL, NULL),
(38, 2, 30, NULL, NULL, NULL, NULL, NULL, NULL, NULL, NULL, NULL, NULL, NULL),
(39, 3, 30, NULL, NULL, NULL, NULL, NULL, NULL, NULL, NULL, NULL, NULL, NULL),
(40, 4, 30, NULL, NULL, NULL, NULL, NULL, NULL, NULL, NULL, NULL, NULL, NULL),
(41, 5, 30, NULL, NULL, NULL, NULL, NULL, NULL, NULL, NULL, NULL, NULL, NULL),
(42, 6, 30, NULL, NULL, NULL, NULL, NULL, NULL, NULL, NULL, NULL, NULL, NULL),
(43, 7, 30, NULL, NULL, NULL, NULL, NULL, NULL, NULL, NULL, NULL, NULL, NULL),
(44, 8, 30, NULL, NULL, NULL, NULL, NULL, NULL, NULL, NULL, NULL, NULL, NULL),
(45, 9, 30, NULL, NULL, NULL, NULL, NULL, NULL, NULL, NULL, NULL, NULL, NULL),
(46, 1, 27, NULL, NULL, NULL, NULL, NULL, NULL, NULL, NULL, NULL, NULL, NULL),
(47, 2, 27, NULL, NULL, NULL, NULL, NULL, NULL, NULL, NULL, NULL, NULL, NULL),
(48, 3, 27, NULL, NULL, NULL, NULL, NULL, NULL, NULL, NULL, NULL, NULL, NULL),
(49, 4, 27, NULL, NULL, NULL, NULL, NULL, NULL, NULL, NULL, NULL, NULL, NULL),
(50, 5, 27, NULL, NULL, NULL, NULL, NULL, NULL, NULL, NULL, NULL, NULL, NULL),
(51, 6, 27, NULL, NULL, NULL, NULL, NULL, NULL, NULL, NULL, NULL, NULL, NULL),
(52, 7, 27, NULL, NULL, NULL, NULL, NULL, NULL, NULL, NULL, NULL, NULL, NULL),
(53, 8, 27, NULL, NULL, NULL, NULL, NULL, NULL, NULL, NULL, NULL, NULL, NULL),
(54, 9, 27, NULL, NULL, NULL, NULL, NULL, NULL, NULL, NULL, NULL, NULL, NULL),
(55, 1, 8, NULL, NULL, NULL, NULL, NULL, NULL, NULL, NULL, NULL, NULL, NULL),
(56, 2, 8, NULL, NULL, NULL, NULL, NULL, NULL, NULL, NULL, NULL, NULL, NULL),
(57, 3, 8, NULL, NULL, NULL, NULL, NULL, NULL, NULL, NULL, NULL, NULL, NULL),
(58, 4, 8, NULL, NULL, NULL, NULL, NULL, NULL, NULL, NULL, NULL, NULL, NULL),
(59, 5, 8, NULL, NULL, NULL, NULL, NULL, NULL, NULL, NULL, NULL, NULL, NULL),
(60, 6, 8, NULL, NULL, NULL, NULL, NULL, NULL, NULL, NULL, NULL, NULL, NULL),
(61, 7, 8, NULL, NULL, NULL, NULL, NULL, NULL, NULL, NULL, NULL, NULL, NULL),
(62, 8, 8, NULL, NULL, NULL, NULL, NULL, NULL, NULL, NULL, NULL, NULL, NULL),
(63, 9, 8, NULL, NULL, NULL, NULL, NULL, NULL, NULL, NULL, NULL, NULL, NULL),
(64, 10, 6, NULL, NULL, NULL, NULL, NULL, NULL, NULL, NULL, NULL, NULL, NULL),
(65, 11, 6, NULL, NULL, NULL, NULL, NULL, NULL, NULL, NULL, NULL, NULL, NULL),
(66, 12, 6, NULL, NULL, NULL, NULL, NULL, NULL, NULL, NULL, NULL, NULL, NULL),
(67, 10, 7, NULL, NULL, NULL, NULL, NULL, NULL, NULL, NULL, NULL, NULL, NULL),
(68, 11, 7, NULL, NULL, NULL, NULL, NULL, NULL, NULL, NULL, NULL, NULL, NULL),
(69, 12, 7, NULL, NULL, NULL, NULL, NULL, NULL, NULL, NULL, NULL, NULL, NULL),
(70, 10, 46, NULL, NULL, NULL, NULL, NULL, NULL, NULL, NULL, NULL, NULL, NULL),
(71, 11, 46, NULL, NULL, NULL, NULL, NULL, NULL, NULL, NULL, NULL, NULL, NULL),
(72, 12, 46, NULL, NULL, NULL, NULL, NULL, NULL, NULL, NULL, NULL, NULL, NULL),
(73, 10, 5, NULL, NULL, NULL, NULL, NULL, NULL, NULL, NULL, NULL, NULL, NULL),
(74, 11, 5, NULL, NULL, NULL, NULL, NULL, NULL, NULL, NULL, NULL, NULL, NULL),
(75, 12, 5, NULL, NULL, NULL, NULL, NULL, NULL, NULL, NULL, NULL, NULL, NULL),
(76, 13, 31, NULL, NULL, NULL, NULL, NULL, NULL, NULL, NULL, NULL, NULL, NULL),
(77, 14, 31, NULL, NULL, NULL, NULL, NULL, NULL, NULL, NULL, NULL, NULL, NULL),
(78, 15, 31, NULL, NULL, NULL, NULL, NULL, NULL, NULL, NULL, NULL, NULL, NULL),
(79, 16, 31, NULL, NULL, NULL, NULL, NULL, NULL, NULL, NULL, NULL, NULL, NULL),
(80, 17, 31, NULL, NULL, NULL, NULL, NULL, NULL, NULL, NULL, NULL, NULL, NULL),
(81, 18, 31, NULL, NULL, NULL, NULL, NULL, NULL, NULL, NULL, NULL, NULL, NULL),
(82, 19, 31, NULL, NULL, NULL, NULL, NULL, NULL, NULL, NULL, NULL, NULL, NULL),
(83, 20, 31, NULL, NULL, NULL, NULL, NULL, NULL, NULL, NULL, NULL, NULL, NULL),
(84, 21, 31, NULL, NULL, NULL, NULL, NULL, NULL, NULL, NULL, NULL, NULL, NULL),
(85, 22, 31, NULL, NULL, NULL, NULL, NULL, NULL, NULL, NULL, NULL, NULL, NULL),
(86, 23, 31, NULL, NULL, NULL, NULL, NULL, NULL, NULL, NULL, NULL, NULL, NULL),
(87, 24, 31, NULL, NULL, NULL, NULL, NULL, NULL, NULL, NULL, NULL, NULL, NULL),
(88, 25, 31, NULL, NULL, NULL, NULL, NULL, NULL, NULL, NULL, NULL, NULL, NULL),
(89, 26, 31, NULL, NULL, NULL, NULL, NULL, NULL, NULL, NULL, NULL, NULL, NULL),
(90, 27, 31, NULL, NULL, NULL, NULL, NULL, NULL, NULL, NULL, NULL, NULL, NULL),
(91, 13, 32, NULL, NULL, NULL, NULL, NULL, NULL, NULL, NULL, NULL, NULL, NULL),
(92, 14, 32, NULL, NULL, NULL, NULL, NULL, NULL, NULL, NULL, NULL, NULL, NULL),
(93, 15, 32, NULL, NULL, NULL, NULL, NULL, NULL, NULL, NULL, NULL, NULL, NULL),
(94, 16, 32, NULL, NULL, NULL, NULL, NULL, NULL, NULL, NULL, NULL, NULL, NULL),
(95, 17, 32, NULL, NULL, NULL, NULL, NULL, NULL, NULL, NULL, NULL, NULL, NULL),
(96, 18, 32, NULL, NULL, NULL, NULL, NULL, NULL, NULL, NULL, NULL, NULL, NULL),
(97, 19, 32, NULL, NULL, NULL, NULL, NULL, NULL, NULL, NULL, NULL, NULL, NULL),
(98, 20, 32, NULL, NULL, NULL, NULL, NULL, NULL, NULL, NULL, NULL, NULL, NULL),
(99, 21, 32, NULL, NULL, NULL, NULL, NULL, NULL, NULL, NULL, NULL, NULL, NULL),
(100, 22, 32, NULL, NULL, NULL, NULL, NULL, NULL, NULL, NULL, NULL, NULL, NULL),
(101, 23, 32, NULL, NULL, NULL, NULL, NULL, NULL, NULL, NULL, NULL, NULL, NULL),
(102, 24, 32, NULL, NULL, NULL, NULL, NULL, NULL, NULL, NULL, NULL, NULL, NULL),
(103, 25, 32, NULL, NULL, NULL, NULL, NULL, NULL, NULL, NULL, NULL, NULL, NULL),
(104, 26, 32, NULL, NULL, NULL, NULL, NULL, NULL, NULL, NULL, NULL, NULL, NULL),
(105, 27, 32, NULL, NULL, NULL, NULL, NULL, NULL, NULL, NULL, NULL, NULL, NULL),
(106, 13, 33, NULL, NULL, NULL, NULL, NULL, NULL, NULL, NULL, NULL, NULL, NULL),
(107, 14, 33, NULL, NULL, NULL, NULL, NULL, NULL, NULL, NULL, NULL, NULL, NULL),
(108, 15, 33, NULL, NULL, NULL, NULL, NULL, NULL, NULL, NULL, NULL, NULL, NULL),
(109, 16, 33, NULL, NULL, NULL, NULL, NULL, NULL, NULL, NULL, NULL, NULL, NULL),
(110, 17, 33, NULL, NULL, NULL, NULL, NULL, NULL, NULL, NULL, NULL, NULL, NULL),
(111, 18, 33, NULL, NULL, NULL, NULL, NULL, NULL, NULL, NULL, NULL, NULL, NULL),
(112, 19, 33, NULL, NULL, NULL, NULL, NULL, NULL, NULL, NULL, NULL, NULL, NULL),
(113, 20, 33, NULL, NULL, NULL, NULL, NULL, NULL, NULL, NULL, NULL, NULL, NULL),
(114, 21, 33, NULL, NULL, NULL, NULL, NULL, NULL, NULL, NULL, NULL, NULL, NULL),
(115, 22, 33, NULL, NULL, NULL, NULL, NULL, NULL, NULL, NULL, NULL, NULL, NULL),
(116, 23, 33, NULL, NULL, NULL, NULL, NULL, NULL, NULL, NULL, NULL, NULL, NULL),
(117, 24, 33, NULL, NULL, NULL, NULL, NULL, NULL, NULL, NULL, NULL, NULL, NULL),
(118, 25, 33, NULL, NULL, NULL, NULL, NULL, NULL, NULL, NULL, NULL, NULL, NULL),
(119, 26, 33, NULL, NULL, NULL, NULL, NULL, NULL, NULL, NULL, NULL, NULL, NULL),
(120, 27, 33, NULL, NULL, NULL, NULL, NULL, NULL, NULL, NULL, NULL, NULL, NULL),
(121, 28, 35, NULL, NULL, NULL, NULL, NULL, NULL, NULL, NULL, NULL, NULL, NULL),
(122, 29, 35, NULL, NULL, NULL, NULL, NULL, NULL, NULL, NULL, NULL, NULL, NULL),
(123, 30, 35, NULL, NULL, NULL, NULL, NULL, NULL, NULL, NULL, NULL, NULL, NULL),
(124, 31, 35, NULL, NULL, NULL, NULL, NULL, NULL, NULL, NULL, NULL, NULL, NULL),
(125, 32, 35, NULL, NULL, NULL, NULL, NULL, NULL, NULL, NULL, NULL, NULL, NULL),
(126, 33, 35, NULL, NULL, NULL, NULL, NULL, NULL, NULL, NULL, NULL, NULL, NULL),
(127, 34, 35, NULL, NULL, NULL, NULL, NULL, NULL, NULL, NULL, NULL, NULL, NULL),
(128, 35, 35, NULL, NULL, NULL, NULL, NULL, NULL, NULL, NULL, NULL, NULL, NULL),
(129, 36, 35, NULL, NULL, NULL, NULL, NULL, NULL, NULL, NULL, NULL, NULL, NULL),
(130, 37, 35, NULL, NULL, NULL, NULL, NULL, NULL, NULL, NULL, NULL, NULL, NULL),
(131, 38, 35, NULL, NULL, NULL, NULL, NULL, NULL, NULL, NULL, NULL, NULL, NULL),
(132, 39, 35, NULL, NULL, NULL, NULL, NULL, NULL, NULL, NULL, NULL, NULL, NULL),
(133, 40, 35, NULL, NULL, NULL, NULL, NULL, NULL, NULL, NULL, NULL, NULL, NULL),
(134, 41, 35, NULL, NULL, NULL, NULL, NULL, NULL, NULL, NULL, NULL, NULL, NULL),
(135, 28, 34, NULL, NULL, NULL, NULL, NULL, NULL, NULL, NULL, NULL, NULL, NULL),
(136, 29, 34, NULL, NULL, NULL, NULL, NULL, NULL, NULL, NULL, NULL, NULL, NULL),
(137, 30, 34, NULL, NULL, NULL, NULL, NULL, NULL, NULL, NULL, NULL, NULL, NULL),
(138, 31, 34, NULL, NULL, NULL, NULL, NULL, NULL, NULL, NULL, NULL, NULL, NULL),
(139, 32, 34, NULL, NULL, NULL, NULL, NULL, NULL, NULL, NULL, NULL, NULL, NULL),
(140, 33, 34, NULL, NULL, NULL, NULL, NULL, NULL, NULL, NULL, NULL, NULL, NULL),
(141, 34, 34, NULL, NULL, NULL, NULL, NULL, NULL, NULL, NULL, NULL, NULL, NULL),
(142, 35, 34, NULL, NULL, NULL, NULL, NULL, NULL, NULL, NULL, NULL, NULL, NULL),
(143, 36, 34, NULL, NULL, NULL, NULL, NULL, NULL, NULL, NULL, NULL, NULL, NULL),
(144, 37, 34, NULL, NULL, NULL, NULL, NULL, NULL, NULL, NULL, NULL, NULL, NULL),
(145, 38, 34, NULL, NULL, NULL, NULL, NULL, NULL, NULL, NULL, NULL, NULL, NULL),
(146, 39, 34, NULL, NULL, NULL, NULL, NULL, NULL, NULL, NULL, NULL, NULL, NULL),
(147, 40, 34, NULL, NULL, NULL, NULL, NULL, NULL, NULL, NULL, NULL, NULL, NULL),
(148, 41, 34, NULL, NULL, NULL, NULL, NULL, NULL, NULL, NULL, NULL, NULL, NULL),
(149, 28, 45, NULL, NULL, NULL, NULL, NULL, NULL, NULL, NULL, NULL, NULL, NULL),
(150, 29, 45, NULL, NULL, NULL, NULL, NULL, NULL, NULL, NULL, NULL, NULL, NULL),
(151, 30, 45, NULL, NULL, NULL, NULL, NULL, NULL, NULL, NULL, NULL, NULL, NULL),
(152, 31, 45, NULL, NULL, NULL, NULL, NULL, NULL, NULL, NULL, NULL, NULL, NULL),
(153, 32, 45, NULL, NULL, NULL, NULL, NULL, NULL, NULL, NULL, NULL, NULL, NULL),
(154, 33, 45, NULL, NULL, NULL, NULL, NULL, NULL, NULL, NULL, NULL, NULL, NULL),
(155, 34, 45, NULL, NULL, NULL, NULL, NULL, NULL, NULL, NULL, NULL, NULL, NULL),
(156, 35, 45, NULL, NULL, NULL, NULL, NULL, NULL, NULL, NULL, NULL, NULL, NULL),
(157, 36, 45, NULL, NULL, NULL, NULL, NULL, NULL, NULL, NULL, NULL, NULL, NULL),
(158, 37, 45, NULL, NULL, NULL, NULL, NULL, NULL, NULL, NULL, NULL, NULL, NULL),
(159, 38, 45, NULL, NULL, NULL, NULL, NULL, NULL, NULL, NULL, NULL, NULL, NULL),
(160, 39, 45, NULL, NULL, NULL, NULL, NULL, NULL, NULL, NULL, NULL, NULL, NULL),
(161, 40, 45, NULL, NULL, NULL, NULL, NULL, NULL, NULL, NULL, NULL, NULL, NULL),
(162, 41, 45, NULL, NULL, NULL, NULL, NULL, NULL, NULL, NULL, NULL, NULL, NULL),
(163, 42, 42, NULL, NULL, NULL, NULL, NULL, NULL, NULL, NULL, NULL, NULL, NULL),
(164, 43, 42, NULL, NULL, NULL, NULL, NULL, NULL, NULL, NULL, NULL, NULL, NULL),
(165, 44, 42, NULL, NULL, NULL, NULL, NULL, NULL, NULL, NULL, NULL, NULL, NULL),
(166, 45, 42, NULL, NULL, NULL, NULL, NULL, NULL, NULL, NULL, NULL, NULL, NULL),
(167, 46, 42, NULL, NULL, NULL, NULL, NULL, NULL, NULL, NULL, NULL, NULL, NULL),
(168, 47, 42, NULL, NULL, NULL, NULL, NULL, NULL, NULL, NULL, NULL, NULL, NULL),
(169, 48, 42, NULL, NULL, NULL, NULL, NULL, NULL, NULL, NULL, NULL, NULL, NULL),
(170, 49, 42, NULL, NULL, NULL, NULL, NULL, NULL, NULL, NULL, NULL, NULL, NULL),
(171, 50, 42, NULL, NULL, NULL, NULL, NULL, NULL, NULL, NULL, NULL, NULL, NULL),
(172, 42, 43, NULL, NULL, NULL, NULL, NULL, NULL, NULL, NULL, NULL, NULL, NULL),
(173, 43, 43, NULL, NULL, NULL, NULL, NULL, NULL, NULL, NULL, NULL, NULL, NULL),
(174, 44, 43, NULL, NULL, NULL, NULL, NULL, NULL, NULL, NULL, NULL, NULL, NULL),
(175, 45, 43, NULL, NULL, NULL, NULL, NULL, NULL, NULL, NULL, NULL, NULL, NULL),
(176, 46, 43, NULL, NULL, NULL, NULL, NULL, NULL, NULL, NULL, NULL, NULL, NULL),
(177, 47, 43, NULL, NULL, NULL, NULL, NULL, NULL, NULL, NULL, NULL, NULL, NULL),
(178, 48, 43, NULL, NULL, NULL, NULL, NULL, NULL, NULL, NULL, NULL, NULL, NULL),
(179, 49, 43, NULL, NULL, NULL, NULL, NULL, NULL, NULL, NULL, NULL, NULL, NULL),
(180, 50, 43, NULL, NULL, NULL, NULL, NULL, NULL, NULL, NULL, NULL, NULL, NULL),
(181, 42, 40, NULL, NULL, NULL, NULL, NULL, NULL, NULL, NULL, NULL, NULL, NULL),
(182, 43, 40, NULL, NULL, NULL, NULL, NULL, NULL, NULL, NULL, NULL, NULL, NULL),
(183, 44, 40, NULL, NULL, NULL, NULL, NULL, NULL, NULL, NULL, NULL, NULL, NULL),
(184, 45, 40, NULL, NULL, NULL, NULL, NULL, NULL, NULL, NULL, NULL, NULL, NULL),
(185, 46, 40, NULL, NULL, NULL, NULL, NULL, NULL, NULL, NULL, NULL, NULL, NULL),
(186, 47, 40, NULL, NULL, NULL, NULL, NULL, NULL, NULL, NULL, NULL, NULL, NULL),
(187, 48, 40, NULL, NULL, NULL, NULL, NULL, NULL, NULL, NULL, NULL, NULL, NULL),
(188, 49, 40, NULL, NULL, NULL, NULL, NULL, NULL, NULL, NULL, NULL, NULL, NULL),
(189, 50, 40, NULL, NULL, NULL, NULL, NULL, NULL, NULL, NULL, NULL, NULL, NULL),
(190, 42, 41, NULL, NULL, NULL, NULL, NULL, NULL, NULL, NULL, NULL, NULL, NULL),
(191, 43, 41, NULL, NULL, NULL, NULL, NULL, NULL, NULL, NULL, NULL, NULL, NULL),
(192, 44, 41, NULL, NULL, NULL, NULL, NULL, NULL, NULL, NULL, NULL, NULL, NULL),
(193, 45, 41, NULL, NULL, NULL, NULL, NULL, NULL, NULL, NULL, NULL, NULL, NULL),
(194, 46, 41, NULL, NULL, NULL, NULL, NULL, NULL, NULL, NULL, NULL, NULL, NULL),
(195, 47, 41, NULL, NULL, NULL, NULL, NULL, NULL, NULL, NULL, NULL, NULL, NULL),
(196, 48, 41, NULL, NULL, NULL, NULL, NULL, NULL, NULL, NULL, NULL, NULL, NULL),
(197, 49, 41, NULL, NULL, NULL, NULL, NULL, NULL, NULL, NULL, NULL, NULL, NULL),
(198, 50, 41, NULL, NULL, NULL, NULL, NULL, NULL, NULL, NULL, NULL, NULL, NULL),
(199, 51, 38, NULL, NULL, NULL, NULL, NULL, NULL, NULL, NULL, NULL, NULL, NULL),
(200, 52, 38, NULL, NULL, NULL, NULL, NULL, NULL, NULL, NULL, NULL, NULL, NULL),
(201, 53, 38, NULL, NULL, NULL, NULL, NULL, NULL, NULL, NULL, NULL, NULL, NULL),
(202, 54, 38, NULL, NULL, NULL, NULL, NULL, NULL, NULL, NULL, NULL, NULL, NULL),
(203, 55, 38, NULL, NULL, NULL, NULL, NULL, NULL, NULL, NULL, NULL, NULL, NULL),
(204, 56, 38, NULL, NULL, NULL, NULL, NULL, NULL, NULL, NULL, NULL, NULL, NULL),
(205, 57, 38, NULL, NULL, NULL, NULL, NULL, NULL, NULL, NULL, NULL, NULL, NULL),
(206, 58, 38, NULL, NULL, NULL, NULL, NULL, NULL, NULL, NULL, NULL, NULL, NULL),
(207, 59, 38, NULL, NULL, NULL, NULL, NULL, NULL, NULL, NULL, NULL, NULL, NULL),
(208, 60, 38, NULL, NULL, NULL, NULL, NULL, NULL, NULL, NULL, NULL, NULL, NULL),
(209, 61, 38, NULL, NULL, NULL, NULL, NULL, NULL, NULL, NULL, NULL, NULL, NULL),
(210, 62, 38, NULL, NULL, NULL, NULL, NULL, NULL, NULL, NULL, NULL, NULL, NULL),
(211, 51, 39, NULL, NULL, NULL, NULL, NULL, NULL, NULL, NULL, NULL, NULL, NULL),
(212, 52, 39, NULL, NULL, NULL, NULL, NULL, NULL, NULL, NULL, NULL, NULL, NULL),
(213, 53, 39, NULL, NULL, NULL, NULL, NULL, NULL, NULL, NULL, NULL, NULL, NULL),
(214, 54, 39, NULL, NULL, NULL, NULL, NULL, NULL, NULL, NULL, NULL, NULL, NULL),
(215, 55, 39, NULL, NULL, NULL, NULL, NULL, NULL, NULL, NULL, NULL, NULL, NULL),
(216, 56, 39, NULL, NULL, NULL, NULL, NULL, NULL, NULL, NULL, NULL, NULL, NULL),
(217, 57, 39, NULL, NULL, NULL, NULL, NULL, NULL, NULL, NULL, NULL, NULL, NULL),
(218, 58, 39, NULL, NULL, NULL, NULL, NULL, NULL, NULL, NULL, NULL, NULL, NULL),
(219, 59, 39, NULL, NULL, NULL, NULL, NULL, NULL, NULL, NULL, NULL, NULL, NULL),
(220, 60, 39, NULL, NULL, NULL, NULL, NULL, NULL, NULL, NULL, NULL, NULL, NULL),
(221, 61, 39, NULL, NULL, NULL, NULL, NULL, NULL, NULL, NULL, NULL, NULL, NULL),
(222, 62, 39, NULL, NULL, NULL, NULL, NULL, NULL, NULL, NULL, NULL, NULL, NULL),
(223, 51, 36, NULL, NULL, NULL, NULL, NULL, NULL, NULL, NULL, NULL, NULL, NULL),
(224, 52, 36, NULL, NULL, NULL, NULL, NULL, NULL, NULL, NULL, NULL, NULL, NULL),
(225, 53, 36, NULL, NULL, NULL, NULL, NULL, NULL, NULL, NULL, NULL, NULL, NULL),
(226, 54, 36, NULL, NULL, NULL, NULL, NULL, NULL, NULL, NULL, NULL, NULL, NULL),
(227, 55, 36, NULL, NULL, NULL, NULL, NULL, NULL, NULL, NULL, NULL, NULL, NULL),
(228, 56, 36, NULL, NULL, NULL, NULL, NULL, NULL, NULL, NULL, NULL, NULL, NULL),
(229, 57, 36, NULL, NULL, NULL, NULL, NULL, NULL, NULL, NULL, NULL, NULL, NULL),
(230, 58, 36, NULL, NULL, NULL, NULL, NULL, NULL, NULL, NULL, NULL, NULL, NULL),
(231, 59, 36, NULL, NULL, NULL, NULL, NULL, NULL, NULL, NULL, NULL, NULL, NULL),
(232, 60, 36, NULL, NULL, NULL, NULL, NULL, NULL, NULL, NULL, NULL, NULL, NULL),
(233, 61, 36, NULL, NULL, NULL, NULL, NULL, NULL, NULL, NULL, NULL, NULL, NULL),
(234, 62, 36, NULL, NULL, NULL, NULL, NULL, NULL, NULL, NULL, NULL, NULL, NULL),
(235, 51, 37, NULL, NULL, NULL, NULL, NULL, NULL, NULL, NULL, NULL, NULL, NULL),
(236, 52, 37, NULL, NULL, NULL, NULL, NULL, NULL, NULL, NULL, NULL, NULL, NULL),
(237, 53, 37, NULL, NULL, NULL, NULL, NULL, NULL, NULL, NULL, NULL, NULL, NULL),
(238, 54, 37, NULL, NULL, NULL, NULL, NULL, NULL, NULL, NULL, NULL, NULL, NULL),
(239, 55, 37, NULL, NULL, NULL, NULL, NULL, NULL, NULL, NULL, NULL, NULL, NULL),
(240, 56, 37, NULL, NULL, NULL, NULL, NULL, NULL, NULL, NULL, NULL, NULL, NULL),
(241, 57, 37, NULL, NULL, NULL, NULL, NULL, NULL, NULL, NULL, NULL, NULL, NULL),
(242, 58, 37, NULL, NULL, NULL, NULL, NULL, NULL, NULL, NULL, NULL, NULL, NULL),
(243, 59, 37, NULL, NULL, NULL, NULL, NULL, NULL, NULL, NULL, NULL, NULL, NULL),
(244, 60, 37, NULL, NULL, NULL, NULL, NULL, NULL, NULL, NULL, NULL, NULL, NULL),
(245, 61, 37, NULL, NULL, NULL, NULL, NULL, NULL, NULL, NULL, NULL, NULL, NULL),
(246, 62, 37, NULL, NULL, NULL, NULL, NULL, NULL, NULL, NULL, NULL, NULL, NULL),
(247, 67, 15, NULL, NULL, NULL, NULL, NULL, NULL, NULL, NULL, NULL, NULL, NULL),
(248, 68, 15, NULL, NULL, NULL, NULL, NULL, NULL, NULL, NULL, NULL, NULL, NULL),
(249, 69, 15, NULL, NULL, NULL, NULL, NULL, NULL, NULL, NULL, NULL, NULL, NULL),
(250, 70, 15, NULL, NULL, NULL, NULL, NULL, NULL, NULL, NULL, NULL, NULL, NULL),
(251, 71, 15, NULL, NULL, NULL, NULL, NULL, NULL, NULL, NULL, NULL, NULL, NULL),
(252, 67, 16, NULL, NULL, NULL, NULL, NULL, NULL, NULL, NULL, NULL, NULL, NULL),
(253, 68, 16, NULL, NULL, NULL, NULL, NULL, NULL, NULL, NULL, NULL, NULL, NULL),
(254, 69, 16, NULL, NULL, NULL, NULL, NULL, NULL, NULL, NULL, NULL, NULL, NULL),
(255, 70, 16, NULL, NULL, NULL, NULL, NULL, NULL, NULL, NULL, NULL, NULL, NULL),
(256, 71, 16, NULL, NULL, NULL, NULL, NULL, NULL, NULL, NULL, NULL, NULL, NULL),
(257, 67, 13, NULL, NULL, NULL, NULL, NULL, NULL, NULL, NULL, NULL, NULL, NULL),
(258, 68, 13, NULL, NULL, NULL, NULL, NULL, NULL, NULL, NULL, NULL, NULL, NULL),
(259, 69, 13, NULL, NULL, NULL, NULL, NULL, NULL, NULL, NULL, NULL, NULL, NULL),
(260, 70, 13, NULL, NULL, NULL, NULL, NULL, NULL, NULL, NULL, NULL, NULL, NULL),
(261, 71, 13, NULL, NULL, NULL, NULL, NULL, NULL, NULL, NULL, NULL, NULL, NULL),
(262, 67, 14, NULL, NULL, NULL, NULL, NULL, NULL, NULL, NULL, NULL, NULL, NULL),
(263, 68, 14, NULL, NULL, NULL, NULL, NULL, NULL, NULL, NULL, NULL, NULL, NULL),
(264, 69, 14, NULL, NULL, NULL, NULL, NULL, NULL, NULL, NULL, NULL, NULL, NULL),
(265, 70, 14, NULL, NULL, NULL, NULL, NULL, NULL, NULL, NULL, NULL, NULL, NULL),
(266, 71, 14, NULL, NULL, NULL, NULL, NULL, NULL, NULL, NULL, NULL, NULL, NULL),
(267, 72, 20, NULL, NULL, NULL, NULL, NULL, NULL, NULL, NULL, NULL, NULL, NULL),
(268, 73, 20, NULL, NULL, NULL, NULL, NULL, NULL, NULL, NULL, NULL, NULL, NULL),
(269, 74, 20, NULL, NULL, NULL, NULL, NULL, NULL, NULL, NULL, NULL, NULL, NULL),
(270, 75, 20, NULL, NULL, NULL, NULL, NULL, NULL, NULL, NULL, NULL, NULL, NULL),
(271, 72, 17, NULL, NULL, NULL, NULL, NULL, NULL, NULL, NULL, NULL, NULL, NULL),
(272, 73, 17, NULL, NULL, NULL, NULL, NULL, NULL, NULL, NULL, NULL, NULL, NULL),
(273, 74, 17, NULL, NULL, NULL, NULL, NULL, NULL, NULL, NULL, NULL, NULL, NULL),
(274, 75, 17, NULL, NULL, NULL, NULL, NULL, NULL, NULL, NULL, NULL, NULL, NULL),
(275, 72, 18, NULL, NULL, NULL, NULL, NULL, NULL, NULL, NULL, NULL, NULL, NULL),
(276, 73, 18, NULL, NULL, NULL, NULL, NULL, NULL, NULL, NULL, NULL, NULL, NULL),
(277, 74, 18, NULL, NULL, NULL, NULL, NULL, NULL, NULL, NULL, NULL, NULL, NULL),
(278, 75, 18, NULL, NULL, NULL, NULL, NULL, NULL, NULL, NULL, NULL, NULL, NULL),
(279, 72, 19, NULL, NULL, NULL, NULL, NULL, NULL, NULL, NULL, NULL, NULL, NULL),
(280, 73, 19, NULL, NULL, NULL, NULL, NULL, NULL, NULL, NULL, NULL, NULL, NULL),
(281, 74, 19, NULL, NULL, NULL, NULL, NULL, NULL, NULL, NULL, NULL, NULL, NULL),
(282, 75, 19, NULL, NULL, NULL, NULL, NULL, NULL, NULL, NULL, NULL, NULL, NULL),
(283, 76, 12, NULL, NULL, NULL, NULL, NULL, NULL, NULL, NULL, NULL, NULL, NULL),
(284, 77, 12, NULL, NULL, NULL, NULL, NULL, NULL, NULL, NULL, NULL, NULL, NULL),
(285, 78, 12, NULL, NULL, NULL, NULL, NULL, NULL, NULL, NULL, NULL, NULL, NULL),
(286, 79, 12, NULL, NULL, NULL, NULL, NULL, NULL, NULL, NULL, NULL, NULL, NULL),
(287, 80, 12, NULL, NULL, NULL, NULL, NULL, NULL, NULL, NULL, NULL, NULL, NULL),
(288, 81, 12, NULL, NULL, NULL, NULL, NULL, NULL, NULL, NULL, NULL, NULL, NULL),
(289, 82, 12, NULL, NULL, NULL, NULL, NULL, NULL, NULL, NULL, NULL, NULL, NULL),
(290, 83, 12, NULL, NULL, NULL, NULL, NULL, NULL, NULL, NULL, NULL, NULL, NULL),
(291, 84, 12, NULL, NULL, NULL, NULL, NULL, NULL, NULL, NULL, NULL, NULL, NULL),
(292, 76, 10, NULL, NULL, NULL, NULL, NULL, NULL, NULL, NULL, NULL, NULL, NULL),
(293, 77, 10, NULL, NULL, NULL, NULL, NULL, NULL, NULL, NULL, NULL, NULL, NULL),
(294, 78, 10, NULL, NULL, NULL, NULL, NULL, NULL, NULL, NULL, NULL, NULL, NULL),
(295, 79, 10, NULL, NULL, NULL, NULL, NULL, NULL, NULL, NULL, NULL, NULL, NULL),
(296, 80, 10, NULL, NULL, NULL, NULL, NULL, NULL, NULL, NULL, NULL, NULL, NULL),
(297, 81, 10, NULL, NULL, NULL, NULL, NULL, NULL, NULL, NULL, NULL, NULL, NULL),
(298, 82, 10, NULL, NULL, NULL, NULL, NULL, NULL, NULL, NULL, NULL, NULL, NULL),
(299, 83, 10, NULL, NULL, NULL, NULL, NULL, NULL, NULL, NULL, NULL, NULL, NULL),
(300, 84, 10, NULL, NULL, NULL, NULL, NULL, NULL, NULL, NULL, NULL, NULL, NULL),
(301, 76, 11, NULL, NULL, NULL, NULL, NULL, NULL, NULL, NULL, NULL, NULL, NULL),
(302, 77, 11, NULL, NULL, NULL, NULL, NULL, NULL, NULL, NULL, NULL, NULL, NULL),
(303, 78, 11, NULL, NULL, NULL, NULL, NULL, NULL, NULL, NULL, NULL, NULL, NULL),
(304, 79, 11, NULL, NULL, NULL, NULL, NULL, NULL, NULL, NULL, NULL, NULL, NULL),
(305, 80, 11, NULL, NULL, NULL, NULL, NULL, NULL, NULL, NULL, NULL, NULL, NULL),
(306, 81, 11, NULL, NULL, NULL, NULL, NULL, NULL, NULL, NULL, NULL, NULL, NULL),
(307, 82, 11, NULL, NULL, NULL, NULL, NULL, NULL, NULL, NULL, NULL, NULL, NULL),
(308, 83, 11, NULL, NULL, NULL, NULL, NULL, NULL, NULL, NULL, NULL, NULL, NULL),
(309, 84, 11, NULL, NULL, NULL, NULL, NULL, NULL, NULL, NULL, NULL, NULL, NULL),
(310, 76, 9, NULL, NULL, NULL, NULL, NULL, NULL, NULL, NULL, NULL, NULL, NULL),
(311, 77, 9, NULL, NULL, NULL, NULL, NULL, NULL, NULL, NULL, NULL, NULL, NULL),
(312, 78, 9, NULL, NULL, NULL, NULL, NULL, NULL, NULL, NULL, NULL, NULL, NULL),
(313, 79, 9, NULL, NULL, NULL, NULL, NULL, NULL, NULL, NULL, NULL, NULL, NULL),
(314, 80, 9, NULL, NULL, NULL, NULL, NULL, NULL, NULL, NULL, NULL, NULL, NULL),
(315, 81, 9, NULL, NULL, NULL, NULL, NULL, NULL, NULL, NULL, NULL, NULL, NULL),
(316, 82, 9, NULL, NULL, NULL, NULL, NULL, NULL, NULL, NULL, NULL, NULL, NULL),
(317, 83, 9, NULL, NULL, NULL, NULL, NULL, NULL, NULL, NULL, NULL, NULL, NULL),
(318, 84, 9, NULL, NULL, NULL, NULL, NULL, NULL, NULL, NULL, NULL, NULL, NULL);

-- --------------------------------------------------------

--
-- Estructura de tabla para la tabla `COHORTES`
--

CREATE TABLE `COHORTES` (
  `cohorte_id` int(5) NOT NULL,
  `programa_id` int(5) NOT NULL,
  `periodo_inicio_id` int(5) NOT NULL COMMENT 'periodo_id',
  `cohorte_nombre` varchar(50) NOT NULL
) ENGINE=InnoDB DEFAULT CHARSET=utf8mb4 COLLATE=utf8mb4_general_ci;

--
-- Volcado de datos para la tabla `COHORTES`
--

INSERT INTO `COHORTES` (`cohorte_id`, `programa_id`, `periodo_inicio_id`, `cohorte_nombre`) VALUES
(1, 1, 11, 'ASO_2023_1'),
(2, 2, 11, 'MD_2023_1'),
(3, 1, 12, 'ASO_2023_2'),
(4, 2, 12, 'MD_2023_2'),
(5, 1, 7, 'ASO_2021_1'),
(6, 1, 8, 'ASO_2021_2'),
(7, 2, 7, 'MD_2021_1'),
(8, 2, 8, 'MD_2021_2'),
(9, 1, 9, 'ASO_2022_1'),
(10, 1, 10, 'ASO_2022_2'),
(11, 2, 9, 'MD_2022_1'),
(12, 2, 10, 'MD_2022_2');

-- --------------------------------------------------------

--
-- Estructura de tabla para la tabla `ESTUDIANTES`
--

CREATE TABLE `ESTUDIANTES` (
  `estudiante_id` int(5) NOT NULL,
  `estudiante_tipo_documento` varchar(150) NOT NULL,
  `estudiante_nmr_documento` bigint(25) NOT NULL,
  `estudiante_nombres` varchar(200) NOT NULL,
  `estudiante_apellidos` varchar(200) NOT NULL
) ENGINE=InnoDB DEFAULT CHARSET=utf8mb4 COLLATE=utf8mb4_general_ci;

--
-- Volcado de datos para la tabla `ESTUDIANTES`
--

INSERT INTO `ESTUDIANTES` (`estudiante_id`, `estudiante_tipo_documento`, `estudiante_nmr_documento`, `estudiante_nombres`, `estudiante_apellidos`) VALUES
(1, '0', 0, 'LEIDY TATIANA', 'PULGARIN'),
(2, '0', 0, 'JUAN GULLERMO', 'RESTREPO'),
(3, '0', 0, 'LINA MARIELA', 'GAVIRIA'),
(4, '0', 0, 'SHELSY DAYANNE', 'MEJIA'),
(5, '0', 0, 'DURLAY MARCELA', 'POTES'),
(6, '0', 0, 'SARA NATALY', 'ZAPATA'),
(7, '0', 0, 'DANIEL', 'MONTENEGRO'),
(8, '0', 0, 'MATEO', 'SANCLEMENTE'),
(9, '0', 0, 'VIVIANA', 'LOZANO'),
(10, '0', 0, 'PAULA ANDREA', 'ZAPATA'),
(11, '0', 0, 'DIANA CAROLINA', 'LOPEZ'),
(12, '0', 0, 'STEFANY', 'AMADOR'),
(13, '0', 0, 'SARA JUDITH', 'PORRAS AREVALO'),
(14, '0', 0, 'IVAN ESTEBAN', 'ZUNIGA ZUÑIGA'),
(15, '0', 0, 'ISABELLA', 'NOREÑA AGUIRRE'),
(16, '0', 0, 'JUAN DIEGO', 'CARDONA MEDINA'),
(17, '0', 0, 'YENIFER ALEJANDRA', 'CANO GUERRERO'),
(18, '0', 0, 'FREIDY JHOAN', 'WILCHES VASQUEZ'),
(19, '0', 0, 'SANTIAGO', 'BONILLA PALECHOR'),
(20, '0', 0, 'SANTIAGO', 'VALENCIA MONTOYA'),
(21, '0', 0, 'KEVIN ANDRES', 'ARROYAVE ARDILA'),
(22, '0', 0, 'VALENTINA', 'GARCIA CASTRO'),
(23, '0', 0, 'JUAN ESTEBAN', 'VALENCIA'),
(24, '0', 0, 'YURI DAHIANA', 'SARAY'),
(25, '0', 0, 'MARIANA', 'RUIZ'),
(26, '0', 0, 'MABEL JUNSETH', 'GONZALEZ'),
(27, '0', 0, 'MARIA ALEJANDRA', 'MONTAÑO'),
(28, '0', 0, 'LIZETH YULIANA', 'RESTREPO ROLDAN'),
(29, '0', 0, 'CRISTIAN CAMILO', 'BEDOYA BOLAÑOS'),
(30, '0', 0, 'LUISA FERNANDA', 'CEBALLOS CAIRASCO'),
(31, '0', 0, 'FARID CAMILO', 'GOMEZ LONDOÑO'),
(32, '0', 0, 'JUANA FERNANDA', 'LOPEZ'),
(33, '0', 0, 'GERALDINE', 'PAREJA'),
(34, '0', 0, 'JUAN CAMILO', 'RIVILLAS'),
(35, '0', 0, 'MELISSA', 'ROBLEDO'),
(36, '0', 0, 'MARIA FERNADA', 'PINEDA'),
(37, '0', 0, 'NELSON JUNIOR', 'GONZALEZ'),
(38, '0', 0, 'PAULA', 'PEDROZA'),
(39, '0', 0, 'VALERIA', 'MONTOYA VILLAFAÑE'),
(40, '0', 0, 'NICOLE DANIELA', 'MARMOLEJO'),
(41, '0', 0, 'VALERIA', 'MUÑOZ'),
(42, '0', 0, 'SANTIAGO', 'ARDILA BEDOYA'),
(43, '0', 0, 'DIANA MARCELA', 'LOZANO'),
(44, '0', 0, 'EVELIN DAYANA', 'RAMIREZ'),
(45, '0', 0, 'NATALY', 'BONILLA'),
(46, '0', 0, 'DAYANA NICOLE', 'VEGA'),
(47, '0', 0, 'ALEXANDER', 'ARMECIGA PRIETO'),
(48, '0', 0, 'EDUARLEY', 'ROJAS'),
(49, '0', 0, 'KEVIN JHOJAN', 'OCAMPO'),
(50, '0', 0, 'MARIA EVELYN', 'CASTAÑO'),
(51, '0', 0, 'YAZMIN ANDREA', 'REBELLON'),
(52, '0', 0, 'STEPHANY CRUZ', 'CRUZ ESGUERRA'),
(53, '0', 0, 'LAURA', 'GRANOBLES JIMENEZ'),
(54, '0', 0, 'ANDREA', 'GRANOBLES JIMENEZ'),
(55, '0', 0, 'DANIELA', 'QUIROGA'),
(56, '0', 0, 'MANUELA', 'ALVIS'),
(57, '0', 0, 'ANDRES LEONARDO', 'OSORIO'),
(58, '0', 0, 'ANDRES MAURICIO', 'OSORIO'),
(59, '0', 0, 'SEBASTIAN', 'CARDONA'),
(60, '0', 0, 'JUAN PABLO', 'PLAZA VELEZ'),
(61, '0', 0, 'ANDRES DAVID', 'LEAL OSORIO'),
(62, '0', 0, 'NATALIA MARIA', 'CABEZAS'),
(63, '0', 0, 'LICETH YHOANA', 'BARRETO ORTEGON'),
(64, '0', 0, 'KAREN DAHIANA', 'ZAMUDIO LOPEZ'),
(65, '0', 0, 'KAREN VANESSA', 'TORRES DURAN'),
(66, '0', 0, 'JESUS ALBERTO', 'RUIZ RODRIGUEZ'),
(67, '0', 0, 'JULIANA', 'CARMONA RESTREPO'),
(68, '0', 0, 'ANA KARINA', 'GARCÍA RUIZ'),
(69, '0', 0, 'LISETH MANUELA', 'CRESPO PAZ'),
(70, '0', 0, 'NICOLL', 'RENGIFO BURITICA'),
(71, '0', 0, 'MARIA CAMILA', 'GOMEZ OROZCO'),
(72, '0', 0, 'HENRY', 'SALAZAR'),
(73, '0', 0, 'ANA MARIA', 'CASTAÑEDA OCAMPO'),
(74, '0', 0, 'EYMY VALENTINA', 'GOMEZ CASTAÑO'),
(75, '0', 0, 'JHONNY SEBASTIAN', 'CORREA SILVA'),
(76, '0', 0, 'MARIA CAMILA', 'PARRA'),
(77, '0', 0, 'MELISSA VALENTINA', 'HERNANDEZ ESCALANTE'),
(78, '0', 0, 'ISABELLA', 'GONZALEZ CRUZ'),
(79, '0', 0, 'MARILIN ELIANA', 'ALMECIGA GARCIA'),
(80, '0', 0, 'LAURA', 'LOPEZ'),
(81, '0', 0, 'DANIELA', 'SEGURA'),
(82, '0', 0, 'ADRIANA LUCIA', 'CARRILLO'),
(83, '0', 0, 'JUAN CAMILO', 'BOLAÑOS'),
(84, '0', 0, 'ANGIE VALENTINA', 'CRIOLLO RIVILLAS');

-- --------------------------------------------------------

--
-- Estructura de tabla para la tabla `GRUPO_MATERIAS`
--

CREATE TABLE `GRUPO_MATERIAS` (
  `grupo_id` int(5) NOT NULL,
  `periodo_id` int(5) NOT NULL,
  `modulo_id` int(5) NOT NULL,
  `jornada_id` int(5) NOT NULL,
  `docente_id` int(5) NOT NULL,
  `cohorte_id` int(5) NOT NULL,
  `grupo_fch_inicio` date NOT NULL,
  `grupo_fch_fin` date NOT NULL,
  `grupo_sem_ejecucion` int(2) NOT NULL
) ENGINE=InnoDB DEFAULT CHARSET=utf8mb4 COLLATE=utf8mb4_general_ci;

--
-- Volcado de datos para la tabla `GRUPO_MATERIAS`
--

INSERT INTO `GRUPO_MATERIAS` (`grupo_id`, `periodo_id`, `modulo_id`, `jornada_id`, `docente_id`, `cohorte_id`, `grupo_fch_inicio`, `grupo_fch_fin`, `grupo_sem_ejecucion`) VALUES
(5, 12, 4, 2, 8, 3, '2023-08-05', '2024-01-20', 1),
(6, 12, 5, 2, 11, 3, '2023-08-05', '2024-01-20', 1),
(7, 12, 6, 2, 11, 3, '2023-08-05', '2024-01-20', 1),
(8, 12, 19, 2, 12, 3, '2023-08-05', '2024-01-20', 1),
(9, 12, 15, 2, 8, 6, '2023-08-05', '2024-01-20', 3),
(10, 12, 14, 2, 11, 6, '2023-08-05', '2024-01-20', 3),
(11, 12, 16, 2, 1, 6, '2023-08-05', '2024-01-20', 3),
(12, 12, 12, 2, 8, 6, '2023-08-05', '2024-01-20', 3),
(13, 12, 8, 1, 8, 6, '2023-08-05', '2024-01-20', 2),
(14, 12, 11, 1, 8, 6, '2023-08-05', '2024-01-20', 2),
(15, 12, 4, 1, 8, 6, '2023-08-05', '2024-01-20', 2),
(16, 12, 10, 1, 8, 6, '2023-08-05', '2024-01-20', 2),
(17, 12, 8, 2, 10, 1, '2023-08-05', '2024-01-20', 2),
(18, 12, 10, 2, 10, 1, '2023-08-05', '2024-01-20', 2),
(19, 12, 11, 2, 10, 1, '2023-08-05', '2024-01-20', 2),
(20, 12, 4, 2, 8, 1, '2023-08-05', '2024-01-20', 2),
(25, 12, 38, 2, 9, 4, '2023-08-05', '2024-01-20', 1),
(26, 12, 24, 2, 9, 4, '2023-08-05', '2024-01-20', 1),
(27, 12, 25, 2, 9, 4, '2023-08-05', '2024-01-20', 1),
(28, 12, 22, 2, 9, 4, '2023-08-05', '2024-01-20', 1),
(29, 12, 39, 2, 9, 4, '2023-08-05', '2024-01-20', 1),
(30, 12, 21, 2, 11, 4, '2023-08-05', '2024-01-20', 1),
(31, 12, 27, 2, 6, 2, '2023-08-05', '2024-01-20', 2),
(32, 12, 28, 2, 6, 2, '2023-08-05', '2024-01-20', 2),
(33, 12, 29, 2, 6, 2, '2023-08-05', '2024-01-20', 2),
(34, 12, 40, 2, 10, 7, '2023-08-05', '2024-01-20', 3),
(35, 12, 41, 2, 10, 7, '2023-08-05', '2024-01-20', 3),
(36, 12, 34, 2, 7, 11, '2023-08-05', '2024-01-20', 4),
(37, 12, 35, 2, 7, 11, '2023-08-05', '2024-01-20', 4),
(38, 12, 33, 2, 7, 11, '2023-08-05', '2024-01-20', 4),
(39, 12, 37, 2, 7, 11, '2023-08-05', '2024-01-20', 4),
(40, 12, 34, 1, 10, 11, '2023-08-05', '2024-01-20', 4),
(41, 12, 35, 1, 10, 11, '2023-08-05', '2024-01-20', 4),
(42, 12, 33, 1, 10, 11, '2023-08-05', '2024-01-20', 4),
(43, 12, 37, 1, 10, 11, '2023-08-05', '2024-01-20', 4),
(44, 12, 12, 2, 8, 10, '2023-08-05', '2024-01-20', 3),
(45, 12, 32, 2, 10, 11, '2023-08-05', '2024-01-20', 3),
(46, 12, 3, 2, 12, 3, '2023-08-05', '2024-01-20', 1);

-- --------------------------------------------------------

--
-- Estructura de tabla para la tabla `JORNADAS`
--

CREATE TABLE `JORNADAS` (
  `jornada_id` int(5) NOT NULL,
  `jornada_nombre` varchar(200) NOT NULL
) ENGINE=InnoDB DEFAULT CHARSET=utf8mb4 COLLATE=utf8mb4_general_ci;

--
-- Volcado de datos para la tabla `JORNADAS`
--

INSERT INTO `JORNADAS` (`jornada_id`, `jornada_nombre`) VALUES
(1, 'SEMANA'),
(2, 'SABADOS');

-- --------------------------------------------------------

--
-- Estructura de tabla para la tabla `MATRICULADOS`
--

CREATE TABLE `MATRICULADOS` (
  `matricula_id` int(5) NOT NULL,
  `estudiante_id` int(5) NOT NULL,
  `grupo_id` int(5) NOT NULL
) ENGINE=InnoDB DEFAULT CHARSET=utf8mb4 COLLATE=utf8mb4_general_ci;

--
-- Volcado de datos para la tabla `MATRICULADOS`
--

INSERT INTO `MATRICULADOS` (`matricula_id`, `estudiante_id`, `grupo_id`) VALUES
(1, 1, 28),
(2, 2, 28),
(3, 3, 28),
(4, 4, 28),
(5, 5, 28),
(6, 6, 28),
(7, 7, 28),
(8, 8, 28),
(9, 9, 28),
(10, 1, 25),
(11, 2, 25),
(12, 3, 25),
(13, 4, 25),
(14, 5, 25),
(15, 6, 25),
(16, 7, 25),
(17, 8, 25),
(18, 9, 25),
(19, 1, 29),
(20, 2, 29),
(21, 3, 29),
(22, 4, 29),
(23, 5, 29),
(24, 6, 29),
(25, 7, 29),
(26, 8, 29),
(27, 9, 29),
(28, 1, 26),
(29, 2, 26),
(30, 3, 26),
(31, 4, 26),
(32, 5, 26),
(33, 6, 26),
(34, 7, 26),
(35, 8, 26),
(36, 9, 26),
(37, 1, 30),
(38, 2, 30),
(39, 3, 30),
(40, 4, 30),
(41, 5, 30),
(42, 6, 30),
(43, 7, 30),
(44, 8, 30),
(45, 9, 30),
(46, 1, 27),
(47, 2, 27),
(48, 3, 27),
(49, 4, 27),
(50, 5, 27),
(51, 6, 27),
(52, 7, 27),
(53, 8, 27),
(54, 9, 27),
(55, 1, 8),
(56, 2, 8),
(57, 3, 8),
(58, 4, 8),
(59, 5, 8),
(60, 6, 8),
(61, 7, 8),
(62, 8, 8),
(63, 9, 8),
(64, 10, 6),
(65, 11, 6),
(66, 12, 6),
(67, 10, 7),
(68, 11, 7),
(69, 12, 7),
(70, 10, 46),
(71, 11, 46),
(72, 12, 46),
(73, 10, 5),
(74, 11, 5),
(75, 12, 5),
(76, 13, 31),
(77, 14, 31),
(78, 15, 31),
(79, 16, 31),
(80, 17, 31),
(81, 18, 31),
(82, 19, 31),
(83, 20, 31),
(84, 21, 31),
(85, 22, 31),
(86, 23, 31),
(87, 24, 31),
(88, 25, 31),
(89, 26, 31),
(90, 27, 31),
(91, 13, 32),
(92, 14, 32),
(93, 15, 32),
(94, 16, 32),
(95, 17, 32),
(96, 18, 32),
(97, 19, 32),
(98, 20, 32),
(99, 21, 32),
(100, 22, 32),
(101, 23, 32),
(102, 24, 32),
(103, 25, 32),
(104, 26, 32),
(105, 27, 32),
(106, 13, 33),
(107, 14, 33),
(108, 15, 33),
(109, 16, 33),
(110, 17, 33),
(111, 18, 33),
(112, 19, 33),
(113, 20, 33),
(114, 21, 33),
(115, 22, 33),
(116, 23, 33),
(117, 24, 33),
(118, 25, 33),
(119, 26, 33),
(120, 27, 33),
(121, 28, 35),
(122, 29, 35),
(123, 30, 35),
(124, 31, 35),
(125, 32, 35),
(126, 33, 35),
(127, 34, 35),
(128, 35, 35),
(129, 36, 35),
(130, 37, 35),
(131, 38, 35),
(132, 39, 35),
(133, 40, 35),
(134, 41, 35),
(135, 28, 34),
(136, 29, 34),
(137, 30, 34),
(138, 31, 34),
(139, 32, 34),
(140, 33, 34),
(141, 34, 34),
(142, 35, 34),
(143, 36, 34),
(144, 37, 34),
(145, 38, 34),
(146, 39, 34),
(147, 40, 34),
(148, 41, 34),
(149, 28, 45),
(150, 29, 45),
(151, 30, 45),
(152, 31, 45),
(153, 32, 45),
(154, 33, 45),
(155, 34, 45),
(156, 35, 45),
(157, 36, 45),
(158, 37, 45),
(159, 38, 45),
(160, 39, 45),
(161, 40, 45),
(162, 41, 45),
(163, 42, 42),
(164, 43, 42),
(165, 44, 42),
(166, 45, 42),
(167, 46, 42),
(168, 47, 42),
(169, 48, 42),
(170, 49, 42),
(171, 50, 42),
(172, 42, 43),
(173, 43, 43),
(174, 44, 43),
(175, 45, 43),
(176, 46, 43),
(177, 47, 43),
(178, 48, 43),
(179, 49, 43),
(180, 50, 43),
(181, 42, 40),
(182, 43, 40),
(183, 44, 40),
(184, 45, 40),
(185, 46, 40),
(186, 47, 40),
(187, 48, 40),
(188, 49, 40),
(189, 50, 40),
(190, 42, 41),
(191, 43, 41),
(192, 44, 41),
(193, 45, 41),
(194, 46, 41),
(195, 47, 41),
(196, 48, 41),
(197, 49, 41),
(198, 50, 41),
(199, 51, 38),
(200, 52, 38),
(201, 53, 38),
(202, 54, 38),
(203, 55, 38),
(204, 56, 38),
(205, 57, 38),
(206, 58, 38),
(207, 59, 38),
(208, 60, 38),
(209, 61, 38),
(210, 62, 38),
(211, 51, 39),
(212, 52, 39),
(213, 53, 39),
(214, 54, 39),
(215, 55, 39),
(216, 56, 39),
(217, 57, 39),
(218, 58, 39),
(219, 59, 39),
(220, 60, 39),
(221, 61, 39),
(222, 62, 39),
(223, 51, 36),
(224, 52, 36),
(225, 53, 36),
(226, 54, 36),
(227, 55, 36),
(228, 56, 36),
(229, 57, 36),
(230, 58, 36),
(231, 59, 36),
(232, 60, 36),
(233, 61, 36),
(234, 62, 36),
(235, 51, 37),
(236, 52, 37),
(237, 53, 37),
(238, 54, 37),
(239, 55, 37),
(240, 56, 37),
(241, 57, 37),
(242, 58, 37),
(243, 59, 37),
(244, 60, 37),
(245, 61, 37),
(246, 62, 37),
(251, 67, 15),
(252, 68, 15),
(253, 69, 15),
(254, 70, 15),
(255, 71, 15),
(256, 67, 16),
(257, 68, 16),
(258, 69, 16),
(259, 70, 16),
(260, 71, 16),
(261, 67, 13),
(262, 68, 13),
(263, 69, 13),
(264, 70, 13),
(265, 71, 13),
(266, 67, 14),
(267, 68, 14),
(268, 69, 14),
(269, 70, 14),
(270, 71, 14),
(271, 72, 20),
(272, 73, 20),
(273, 74, 20),
(274, 75, 20),
(275, 72, 17),
(276, 73, 17),
(277, 74, 17),
(278, 75, 17),
(279, 72, 18),
(280, 73, 18),
(281, 74, 18),
(282, 75, 18),
(283, 72, 19),
(284, 73, 19),
(285, 74, 19),
(286, 75, 19),
(287, 76, 12),
(288, 77, 12),
(289, 78, 12),
(290, 79, 12),
(291, 80, 12),
(292, 81, 12),
(293, 82, 12),
(294, 83, 12),
(295, 84, 12),
(296, 76, 10),
(297, 77, 10),
(298, 78, 10),
(299, 79, 10),
(300, 80, 10),
(301, 81, 10),
(302, 82, 10),
(303, 83, 10),
(304, 84, 10),
(305, 76, 11),
(306, 77, 11),
(307, 78, 11),
(308, 79, 11),
(309, 80, 11),
(310, 81, 11),
(311, 82, 11),
(312, 83, 11),
(313, 84, 11),
(314, 76, 9),
(315, 77, 9),
(316, 78, 9),
(317, 79, 9),
(318, 80, 9),
(319, 81, 9),
(320, 82, 9),
(321, 83, 9),
(322, 84, 9);

-- --------------------------------------------------------

--
-- Estructura de tabla para la tabla `MODULOS`
--

CREATE TABLE `MODULOS` (
  `modulo_id` int(5) NOT NULL,
  `modulo_nombre` varchar(200) NOT NULL,
  `programa_id` int(5) NOT NULL,
  `modulo_semestre` int(5) NOT NULL,
  `modulo_nmr_horas` int(5) NOT NULL
) ENGINE=InnoDB DEFAULT CHARSET=utf8mb4 COLLATE=utf8mb4_general_ci;

--
-- Volcado de datos para la tabla `MODULOS`
--

INSERT INTO `MODULOS` (`modulo_id`, `modulo_nombre`, `programa_id`, `modulo_semestre`, `modulo_nmr_horas`) VALUES
(2, 'INDUCCIÓN INSTITUCIONAL ASO', 1, 1, 0),
(3, 'AMBIENTES SALUDABLES DE TRABAJO ASO', 1, 1, 0),
(4, 'TECNICAS DE ESTUDIO ASO', 1, 1, 0),
(5, 'ANATOCLUSIÓN E HISTORIA CLINICA ASO', 1, 1, 0),
(6, 'BIOMATERIALES ASO', 1, 1, 0),
(7, 'ORIENTAR AL USUARIO EN LOS SERVICIOS DE SALUD', 1, 1, 0),
(8, 'PREVENCIÓN DE LAS INFECCIONES', 1, 2, 0),
(9, 'TICS', 1, 2, 0),
(10, 'PERIODONCIA', 1, 2, 0),
(11, 'PREVENCION PRIMARIA', 1, 2, 0),
(12, 'ETICA Y VALORES', 1, 2, 0),
(13, 'PRACTICA ASO', 1, 2, 0),
(14, 'URGENCIAS ODONTOLOGICAS', 1, 3, 0),
(15, 'RADIOLOGIA', 1, 3, 0),
(16, 'ADMITIR AL USUARIO EN LOS SERVICIOS DE SALUD', 1, 3, 0),
(17, 'PRACTICA ASO', 1, 3, 0),
(18, 'INDUCCION INSTITUCIONAL', 2, 1, 0),
(19, 'AMBIENTES SALUDABLES DE TRABAJO MD', 2, 1, 0),
(20, 'TÉCNICAS DE ESTUDIO MD', 2, 1, 0),
(21, 'ANATOCLUSIÓN E HISTORIA CLÍNICA MD', 2, 1, 0),
(22, 'BIOMATERIALES TEORÍA', 2, 1, 0),
(23, 'EMPRENDIMIENTO', 2, 1, 0),
(24, 'MORFOLOGÍA TEÓRICO', 2, 1, 0),
(25, 'MORFOLOGÍA PRACTICO', 2, 1, 0),
(26, 'ÉTICA Y VALORES', 2, 1, 0),
(27, 'PRÓTESIS TOTAL TEÓRIA', 2, 2, 0),
(28, 'PRÓTESIS TOTAL PRÁCTICA', 2, 2, 0),
(29, 'INTEGRADAS SEM2', 2, 2, 0),
(30, 'PRÓTESIS PARCIAL REMOVIBLE TEORÍA', 2, 3, 0),
(31, 'PRÓTESIS PARCIAL REMOVIBLE PRÁCTICA', 2, 3, 0),
(32, 'INTEGRADAS SEM3', 2, 3, 0),
(33, 'ORTOPEDIA TEORÍA', 2, 3, 0),
(34, 'PRÓTESIS FIJA TEORÍA', 2, 4, 0),
(35, 'PRÓTESIS FIJA PRÁCTICA', 2, 4, 0),
(36, 'INTEGRADAS SEM4', 2, 4, 0),
(37, 'ORTOPEDIA PRÁCTICA', 2, 4, 0),
(38, 'INTRODUCCIÓN A LA MECÁNICA DENTAL', 2, 1, 0),
(39, 'BIOMATERIALES PRÁCTICA', 2, 1, 0),
(40, 'PRÓTESIS FLEXIBLE TEORÍA', 2, 3, 0),
(41, 'PRÓTESIS FLEXIBLE PRÁCTICA', 2, 3, 0);

-- --------------------------------------------------------

--
-- Estructura de tabla para la tabla `PERIODOS`
--

CREATE TABLE `PERIODOS` (
  `periodo_id` int(5) NOT NULL,
  `periodo_nombre` varchar(200) NOT NULL
) ENGINE=InnoDB DEFAULT CHARSET=utf8mb4 COLLATE=utf8mb4_general_ci;

--
-- Volcado de datos para la tabla `PERIODOS`
--

INSERT INTO `PERIODOS` (`periodo_id`, `periodo_nombre`) VALUES
(1, '2018-1'),
(2, '2018-2'),
(3, '2019-1'),
(4, '2019-2'),
(5, '2020-1'),
(6, '2020-2'),
(7, '2021-1'),
(8, '2021-2'),
(9, '2022-1'),
(10, '2022-2'),
(11, '2023-1'),
(12, '2023-2'),
(13, '2024-1'),
(14, '2024-2');

-- --------------------------------------------------------

--
-- Estructura de tabla para la tabla `PROGRAMAS`
--

CREATE TABLE `PROGRAMAS` (
  `programa_id` int(5) NOT NULL,
  `programa_sigla` varchar(5) NOT NULL,
  `programa_nombre` varchar(200) NOT NULL,
  `programa_prefijo` varchar(150) NOT NULL,
  `programa_nmr_horas` int(5) NOT NULL,
  `programa_fch_aprobado` varchar(10) NOT NULL,
  `programa_nmr_semestres` int(5) NOT NULL,
  `programa_nmr_resolucion` varchar(15) NOT NULL
) ENGINE=InnoDB DEFAULT CHARSET=utf8mb4 COLLATE=utf8mb4_general_ci;

--
-- Volcado de datos para la tabla `PROGRAMAS`
--

INSERT INTO `PROGRAMAS` (`programa_id`, `programa_sigla`, `programa_nombre`, `programa_prefijo`, `programa_nmr_horas`, `programa_fch_aprobado`, `programa_nmr_semestres`, `programa_nmr_resolucion`) VALUES
(1, 'ASO', 'AUXILIAR EN SALUD ORAL', ' 	TECNICO LABORAL POR COMPETENCIAS EN ', 1800, '2016-06-27', 3, '310.054.482'),
(2, 'MD', 'MECÁNICA DENTAL', ' 	TECNICO LABORAL POR COMPETENCIAS EN ', 1850, '2016-06-27', 4, '310 .054.483');

-- --------------------------------------------------------

--
-- Estructura de tabla para la tabla `PRUEBAS_EVALUATIVAS`
--

CREATE TABLE `PRUEBAS_EVALUATIVAS` (
  `prueba_eval_id` int(5) NOT NULL,
  `prueba_eval_tipo` varchar(15) NOT NULL,
  `prueba_eval_link` varchar(50) NOT NULL,
  `prueba _eval_fch` date NOT NULL
) ENGINE=InnoDB DEFAULT CHARSET=utf8mb4 COLLATE=utf8mb4_general_ci;

-- --------------------------------------------------------

--
-- Estructura de tabla para la tabla `USUARIOS`
--

CREATE TABLE `USUARIOS` (
  `usuario_id` int(5) NOT NULL,
  `usuario_user` varchar(15) NOT NULL,
  `usuario_password` varchar(15) NOT NULL,
  `usuario_perfil` int(5) NOT NULL,
  `usuario_nombres` varchar(100) NOT NULL,
  `usuario_apellidos` varchar(100) NOT NULL,
  `usuario_documento` varchar(50) NOT NULL,
  `usuario_tipo` varchar(50) NOT NULL
) ENGINE=InnoDB DEFAULT CHARSET=utf8mb4 COLLATE=utf8mb4_general_ci;

--
-- Volcado de datos para la tabla `USUARIOS`
--

INSERT INTO `USUARIOS` (`usuario_id`, `usuario_user`, `usuario_password`, `usuario_perfil`, `usuario_nombres`, `usuario_apellidos`, `usuario_documento`, `usuario_tipo`) VALUES
(1, 'madrigalesa', 'ma1122', 1, 'ANGELA MARIA', 'MADRIGALES', '', 'DOCENTE'),
(5, 'acerom', 'am1122', 1, 'MARIA FERNANDA', 'ACERO', '', 'DOCENTE'),
(6, 'jaimesl', 'jl1122', 1, 'LINA MARCELA', 'JAIMES', '', 'DOCENTE'),
(7, 'sernao', 'so1122', 1, 'OSCAR EDUARDO', 'SERNA', '', 'DOCENTE'),
(8, 'verad', 'vd1122', 1, 'DIANA CAROLINA', 'VERA', '', 'DOCENTE'),
(9, 'tamayol', 'tl1122', 1, 'LUZ HELENA', 'TAMAYO', '', 'DOCENTE'),
(10, 'rojasj', 'rj1122', 1, 'JULIAN ANDRES', 'ROJAS', '', 'DOCENTE'),
(11, 'marmolejol', 'ml1122', 1, 'LIZZETH FERNANDA', 'MARMOLEJO', '', 'DOCENTE'),
(12, 'lopezd', 'ld1122', 1, 'DIEGO FERNANDO', 'LOPEZ', '', 'DOCENTE'),
(13, 'zambranob', 'zb1122', 1, 'BRENFFY GINNETH', 'ZAMBRANO', '', 'DOCENTE'),
(14, 'sotoj', 'sj1122', 1, 'JAIRO ENRIQUE', 'SOTO', '', 'DOCENTE'),
(15, 'solartej', 'sj1122', 1, 'JOSE LUIS', 'SOLARTE', '', 'DOCENTE');

--
-- Índices para tablas volcadas
--

--
-- Indices de la tabla `CALIFICACIONES`
--
ALTER TABLE `CALIFICACIONES`
  ADD PRIMARY KEY (`cal_id`),
  ADD KEY `estudiante_id` (`estudiante_id`),
  ADD KEY `grupo_id` (`grupo_id`);

--
-- Indices de la tabla `COHORTES`
--
ALTER TABLE `COHORTES`
  ADD PRIMARY KEY (`cohorte_id`),
  ADD KEY `programa_id` (`programa_id`),
  ADD KEY `periodo_inicio_id` (`periodo_inicio_id`);

--
-- Indices de la tabla `ESTUDIANTES`
--
ALTER TABLE `ESTUDIANTES`
  ADD PRIMARY KEY (`estudiante_id`);

--
-- Indices de la tabla `GRUPO_MATERIAS`
--
ALTER TABLE `GRUPO_MATERIAS`
  ADD PRIMARY KEY (`grupo_id`),
  ADD KEY `periodo_id` (`periodo_id`),
  ADD KEY `modulo_id` (`modulo_id`),
  ADD KEY `jornada_id` (`jornada_id`),
  ADD KEY `cohorte_id` (`cohorte_id`),
  ADD KEY `docente_id` (`docente_id`);

--
-- Indices de la tabla `JORNADAS`
--
ALTER TABLE `JORNADAS`
  ADD PRIMARY KEY (`jornada_id`);

--
-- Indices de la tabla `MATRICULADOS`
--
ALTER TABLE `MATRICULADOS`
  ADD PRIMARY KEY (`matricula_id`);

--
-- Indices de la tabla `MODULOS`
--
ALTER TABLE `MODULOS`
  ADD PRIMARY KEY (`modulo_id`),
  ADD KEY `programa_id` (`programa_id`);

--
-- Indices de la tabla `PERIODOS`
--
ALTER TABLE `PERIODOS`
  ADD PRIMARY KEY (`periodo_id`);

--
-- Indices de la tabla `PROGRAMAS`
--
ALTER TABLE `PROGRAMAS`
  ADD PRIMARY KEY (`programa_id`);

--
-- Indices de la tabla `USUARIOS`
--
ALTER TABLE `USUARIOS`
  ADD PRIMARY KEY (`usuario_id`);

--
-- AUTO_INCREMENT de las tablas volcadas
--

--
-- AUTO_INCREMENT de la tabla `CALIFICACIONES`
--
ALTER TABLE `CALIFICACIONES`
  MODIFY `cal_id` int(5) NOT NULL AUTO_INCREMENT, AUTO_INCREMENT=319;

--
-- AUTO_INCREMENT de la tabla `COHORTES`
--
ALTER TABLE `COHORTES`
  MODIFY `cohorte_id` int(5) NOT NULL AUTO_INCREMENT, AUTO_INCREMENT=13;

--
-- AUTO_INCREMENT de la tabla `ESTUDIANTES`
--
ALTER TABLE `ESTUDIANTES`
  MODIFY `estudiante_id` int(5) NOT NULL AUTO_INCREMENT, AUTO_INCREMENT=85;

--
-- AUTO_INCREMENT de la tabla `GRUPO_MATERIAS`
--
ALTER TABLE `GRUPO_MATERIAS`
  MODIFY `grupo_id` int(5) NOT NULL AUTO_INCREMENT, AUTO_INCREMENT=47;

--
-- AUTO_INCREMENT de la tabla `JORNADAS`
--
ALTER TABLE `JORNADAS`
  MODIFY `jornada_id` int(5) NOT NULL AUTO_INCREMENT, AUTO_INCREMENT=3;

--
-- AUTO_INCREMENT de la tabla `MATRICULADOS`
--
ALTER TABLE `MATRICULADOS`
  MODIFY `matricula_id` int(5) NOT NULL AUTO_INCREMENT, AUTO_INCREMENT=323;

--
-- AUTO_INCREMENT de la tabla `MODULOS`
--
ALTER TABLE `MODULOS`
  MODIFY `modulo_id` int(5) NOT NULL AUTO_INCREMENT, AUTO_INCREMENT=42;

--
-- AUTO_INCREMENT de la tabla `PERIODOS`
--
ALTER TABLE `PERIODOS`
  MODIFY `periodo_id` int(5) NOT NULL AUTO_INCREMENT, AUTO_INCREMENT=15;

--
-- AUTO_INCREMENT de la tabla `PROGRAMAS`
--
ALTER TABLE `PROGRAMAS`
  MODIFY `programa_id` int(5) NOT NULL AUTO_INCREMENT, AUTO_INCREMENT=3;

--
-- AUTO_INCREMENT de la tabla `USUARIOS`
--
ALTER TABLE `USUARIOS`
  MODIFY `usuario_id` int(5) NOT NULL AUTO_INCREMENT, AUTO_INCREMENT=16;

--
-- Restricciones para tablas volcadas
--

--
-- Filtros para la tabla `CALIFICACIONES`
--
ALTER TABLE `CALIFICACIONES`
  ADD CONSTRAINT `CALIFICACIONES_ibfk_1` FOREIGN KEY (`estudiante_id`) REFERENCES `ESTUDIANTES` (`estudiante_id`),
  ADD CONSTRAINT `CALIFICACIONES_ibfk_2` FOREIGN KEY (`grupo_id`) REFERENCES `GRUPO_MATERIAS` (`grupo_id`);

--
-- Filtros para la tabla `COHORTES`
--
ALTER TABLE `COHORTES`
  ADD CONSTRAINT `COHORTES_ibfk_1` FOREIGN KEY (`programa_id`) REFERENCES `PROGRAMAS` (`programa_id`),
  ADD CONSTRAINT `COHORTES_ibfk_2` FOREIGN KEY (`periodo_inicio_id`) REFERENCES `PERIODOS` (`periodo_id`);

--
-- Filtros para la tabla `GRUPO_MATERIAS`
--
ALTER TABLE `GRUPO_MATERIAS`
  ADD CONSTRAINT `GRUPO_MATERIAS_ibfk_1` FOREIGN KEY (`periodo_id`) REFERENCES `PERIODOS` (`periodo_id`),
  ADD CONSTRAINT `GRUPO_MATERIAS_ibfk_2` FOREIGN KEY (`modulo_id`) REFERENCES `MODULOS` (`modulo_id`),
  ADD CONSTRAINT `GRUPO_MATERIAS_ibfk_3` FOREIGN KEY (`jornada_id`) REFERENCES `JORNADAS` (`jornada_id`),
  ADD CONSTRAINT `GRUPO_MATERIAS_ibfk_5` FOREIGN KEY (`cohorte_id`) REFERENCES `COHORTES` (`cohorte_id`),
  ADD CONSTRAINT `GRUPO_MATERIAS_ibfk_6` FOREIGN KEY (`docente_id`) REFERENCES `USUARIOS` (`usuario_id`);

--
-- Filtros para la tabla `MODULOS`
--
ALTER TABLE `MODULOS`
  ADD CONSTRAINT `MODULOS_ibfk_1` FOREIGN KEY (`programa_id`) REFERENCES `PROGRAMAS` (`programa_id`);
COMMIT;

/*!40101 SET CHARACTER_SET_CLIENT=@OLD_CHARACTER_SET_CLIENT */;
/*!40101 SET CHARACTER_SET_RESULTS=@OLD_CHARACTER_SET_RESULTS */;
/*!40101 SET COLLATION_CONNECTION=@OLD_COLLATION_CONNECTION */;
